,company,title
0,Techdock Labs,laravel developer
1,Finish Line,"JD - Associate - Cumberland Mall, Atlanta, GA"
2,Virtue Analytics,Virtue Analytics - Data Analyst
3,VALUEDRIVE TECHNOLOGIES PRIVATE LIMITED,Spinny - City Manager - Operations
4,TNV Certification Pvt Ltd,Marketing Executive
5,Work from home platform,Students/freshers
6,Flipkart Seller Hub,Fresher/Students
7,BP Services,Professor(Pharmacology)
8,Ericsson,PACO SME
9,onlinejobs,Student
10,ANAROCK,Anarock Property Consultant - Business Strategy & Marketing Role
11,Renaissance Hotels,Marketing Executive
12,SPACE Consultants,doctor in uttar pradesh
13,DEARLIFE EMPOWER INDIA PRIVATE LIMITED,Data Entry Operator
14,The/Nudge Institute,"Product Manager, Livelihoods, Asha Kiran"
15,ENGINEER GROUP A TO Z,Urgent Hiring For Chemical Engineer
16,Bizgurukul,Fresher
17,Hindustan Construction Company,Planning Manager
18,BP Services,Professor Biochemistry
19,Incuspaze,Center Operations
20,Leben Life Sciences Pvt. Ltd.,Admin Security
21,Nutriwell,Operations Internship in Lucknow at Nutriwell
22,EDGES0FT,Telesales Executive
23,NCR Eduservices,PGT Biology
24,2COMS Consulting Pvt. Ltd.,Defect/Bug Tracking(Freelance)
25,Amity University Lucknow Campus,Student
26,ESSENWARE PRIVATE LIMITED,Sr. Test Engineer
27,HashTag Labs India,Quality Assurance (QA)
28,Bullmen Realty India,Business Development Executive
29,EducoHire,"Require a PGT Commerce (Economics) Teacher for a School in Lucknow, Uttar Pradesh"
30,Wealth Clinic,Wealth Clinic - Executive - Business Development
31,Milaan Foundation,Operations Internship in Lucknow at Milaan Foundation
32,BP Services,Associate Professor(Psychiatry)
33,Techdock Labs,Laravel Developer
34,Make Career Academy,Admission Counseling Internship in Lucknow at Make Career Academy
35,Kaish Classes,Computer Faculty
36,Crossover for Work,"Senior Data Engineer - Part-Time, Bloom Institute of Technology (BloomTech) (Remote) - $30,000/year USD"
37,Vasonomics,PHP Developer
38,VALUEDRIVE TECHNOLOGIES PRIVATE LIMITED,Spinny - Manager - City Operations
39,3EA Global,3EA - Business Analyst - Marketing - eCommerce
40,BIZGURUKUL PVT LTD,Fresher
41,Flipkart Seller Hub,Students/Freshers
42,SPACE Consultants,openings for doctor in uttar pradesh farrukhabad
43,Leben Life Sciences Pvt. Ltd.,Warehouse Manager
44,Bajaj Finserv,Manager - Payments - Acquiring Business(JR00096311)
45,BlackBerry,Principal Data Engineer - Cyber Security
46,Techgrit Solutions India Pvt.LTd,Python Developer
47,W S and Associates LLP,Associate
48,Flipkart Seller Hub,Students/Freshers
49,Renaissance Hotels,Associate Director Of Events
50,Techdock Labs,laravel developer
51,BlackBerry,Principal Data Engineer - Cyber Security
52,Futures Next Services Ltd,Student
53,SPACE Consultants,Job openings for assistant professor pediatrician in uttar pradesh
54,Techgrit Solutions India Pvt.LTd,Python Developer
55,ElasticRun,"City Manager - Moradabad, Lucknow, Kanpur - UP"
56,SPACE Consultants,Job openings for professor ent
57,Flipkart Seller Hub,Students/Freshers
58,BP Services,Associate Professor(Psychiatry)
59,FineSoft Technologies,Business Development Executive
60,3EA Global,3EA - Business Analyst - Marketing - eCommerce
61,"Karnataka Antibiotics & Pharmaceuticals Limited, Peenya, Bangalore",Professional Service Representatives – III [PSRs] – Pharma Trade
62,UPTEC Computer Consultancy Ltd,COMPUTER FACULTY
63,The Phoenix Mills Ltd.,Senior Executive - Retail Design
64,LTI - Larsen & Toubro Infotech,Senior Consultant - Package Implementation
65,"Seth & Associates, Chartered Accountants",Finance Internship in Lucknow at Seth & Associates
66,Leadsark 2.0 Organic Lead Gen,Online work for students
67,EDGES0FT,Telesales Executive
68,adidas,Retail Associate
69,Gencosys,Business Development Executive
70,Confidential,Assistant Lead
71,Work From Home/ Fresher & Experience Jobs,Student
72,Vouchers Portal,Student
73,BP Services,Professor /associate assistant professor (Pathology)
74,Great Coaches HR Consultants,post for medical professor in andhra pradesh kerala madhya pradesh
75,Futures Next Services Ltd,Student
76,CEDCOSS Technologies Private Limited,Business Development Executive
77,Limitex,Lead Generator
78,Renaissance Hotels,Marketing Executive
79,Leadsguru,Student
80,Bajaj Allianz General Insurance,Senior Executive - Motor OD Claims
81,EduGorilla,Business Development Executive
82,Business Opportunity Network - B.O.N.,Student
83,Flipkart Seller Hub,Students/Freshers
84,Ayush Softech,Search Engine Optimization Analyst
85,Dr. Ravi's Multispeciality Dental Clinic,Intern
86,Bajaj Finserv,Assistant Manager - Debt Management Services - Cards(JR00089214)
87,CIEL HR,CIEL/SEL/24648: Procurement Executive-Lucknow
88,Finish Line,"JD Associate Gateway Mall, Lincoln, NE"
89,The/Nudge Institute,Product Manager
90,ENGINEER GROUP A TO Z,Urgent Hiring For Chemical Engineer
91,Webllisto Technologies,Python Developer
92,Bajaj Finserv,Manager - Payments - Acquiring Business(JR00096311)
93,Internship,Freshers
94,BIZGURUKUL PVT LTD,Fresher
95,HuntingCube Recruitment Solutions,Recruitment Researcher
96,Online Job/Business!,Online work for freshers
97,Sorted,Business Development Executive
98,ANAROCK,Anarock Property Consultant - Business Strategy & Marketing Role
99,Power Grid Corporation of India Limited,Apprenticeship Trade - CSR Executive
100,CMOTS Internet Technologies Pvt. Ltd.,Marketing Executives
101,SPACE Consultants,Job openings for associate professor ent
102,Duplex Technologies Services Pvt Ltd,Business Analyst | Lucknow
103,Power Grid Corporation of India Limited,Apprenticeship Trade - Graduate (Civil)
104,Power Grid Corporation of India Limited,Apprenticeship Trade - Graduate (Computer Science)
105,EBC Technologies,Business Analyst
106,CEDCOSS Technologies Private Limited,Research Analyst
107,VALUEDRIVE TECHNOLOGIES PRIVATE LIMITED,Spinny - City Manager - Operations
108,Computer Science & Engineering,Associate
109,Flipkart Seller Hub,Students/Freshers
110,Self Employed,Hiring for student or freshers
111,Raghu Ram India Pvt Ltd,Student Internship
112,Nutriwell,Operations Internship in Lucknow at Nutriwell
113,Flipkart Seller Hub,Students/Freshers
114,BP Services,Professor (TB &Chest)
115,3EA Global,3EA - Business Analyst - Digital Media Marketing Vertical
116,Pollinate Group,Pollinate Group - Territory Sales Manager- NGO
117,CMG,CRM Admin
118,BP Services,Professor /associate assistant professor (Pathology)
119,SPACE Consultants,Job openings for professor ent
120,UPTEC Computer Consultancy Ltd,FACULTY MATHS
121,HuntingCube Recruitment Solutions,Recruitment Researcher
122,Kaish Classes,Computer Faculty
123,Unicode Systems,HR Manager
